{
    "cbr_times_comp":[
        1.39674973487854,
        1.1321585178375244,
        1.15147066116333,
        1.1843411922454834,
        1.182985782623291,
        1.2665965557098389,
        1.289996862411499,
        2.0529205799102783,
        3.335904359817505
    ],
    "cbr_times_precomp":[
        2.313734292984009,
        2.8621902465820312,
        4.494174003601074,
        8.661972045898438,
        18.497899770736694,
        42.3497748374939,
        89.093257188797,
        218.99194836616516,
        723.7929735183716
    ]
}