{
    "cbr_times_comp":[
        1.1166179180145264,
        1.142113447189331,
        1.1834967136383057,
        1.2033727169036865,
        1.2344744205474854,
        1.2828857898712158,
        1.3522493839263916,
        1.3415887355804443,
        1.3758389949798584
    ],
    "cbr_times_precomp":[
        1.3907272815704346,
        2.5672292709350586,
        4.1207499504089355,
        7.452553749084473,
        16.563639640808105,
        35.88298988342285,
        85.57397127151489,
        255.93055725097656,
        988.4684436321259
    ]
}