{
    "cbr_tshap_times_comp":{
        "0":[
            0.0528864860534668,
            0.07677388191223145,
            0.19459795951843262,
            0.5806546211242676,
            1.4325854778289795,
            3.8976540565490723,
            2.6111345291137695,
            3.144254207611084,
            3.7673306465148926
        ],
        "1":[
            0.38046765327453613,
            0.40961313247680664,
            0.5374515056610107,
            0.8005921840667725,
            1.7106781005859375,
            4.294366121292114,
            11.639716386795044,
            33.48576331138611,
            97.1449327468872
        ],
        "2":[
            1.6026673316955566,
            1.6984469890594482,
            1.8555524349212646,
            1.9453227519989014,
            2.425508499145508,
            4.746233940124512,
            11.937124013900757,
            33.843191146850586,
            97.67387390136719
        ],
        "3":[
            4.027898788452148,
            4.275022983551025,
            4.496572256088257,
            4.592316389083862,
            4.769002676010132,
            6.013121128082275,
            12.826711416244507,
            34.77939534187317,
            98.98553586006165
        ]
    },
    "cbr_exact_times_precomp":[
        0.1495068073272705,
        0.12300252914428711,
        0.7519786357879639,
        4.445929288864136,
        25.150042295455933,
        146.98703932762146,
        815.3246977329254,
        4427.846590995789,
        23816.73440694809
    ]
}