{
    "n_trees":[
        300,
        300,
        300,
        300,
        300,
        300,
        300,
        300,
        300
    ],
    "ave_num_leaves":[
        16.0,
        31.973333333333333,
        63.946666666666665,
        127.89333333333333,
        256.0,
        509.44,
        1016.5333333333333,
        2015.5733333333333,
        3953.4933333333333
    ]
}